CODIGO,NOMBRES,APELLIDOS,DOCUMENTO,GRADO,SECCION,TIPO_DOC,FECHA_NACIMIENTO,GENERO,DIRECCION,TELEFONO,EMAIL,ACUDIENTE,TEL_ACUDIENTE,EMAIL_ACUDIENTE
EST001,Juan Carlos,Pérez García,1234567890,6,A,TI,2010-03-15,M,Calle 45 # 12-34,3001234567,juan.perez@email.com,María García,3009876543,maria.garcia@email.com
EST002,Ana María,López Ruiz,0987654321,7,B,TI,2009-07-22,F,Carrera 23 # 56-78,3002345678,ana.lopez@email.com,Carlos López,3008765432,carlos.lopez@email.com
EST003,Luis Fernando,Martínez Silva,1122334455,8,A,TI,2008-11-10,M,Diagonal 67 # 89-12,3003456789,luis.martinez@email.com,Carmen Silva,3007654321,carmen.silva@email.com
EST004,María Alejandra,González Torres,5566778899,9,C,TI,2007-05-18,F,Avenida 34 # 23-45,3004567890,maria.gonzalez@email.com,Roberto Torres,3006543210,roberto.torres@email.com
EST005,Carlos Andrés,Rodríguez Morales,9988776655,10,B,TI,2006-09-03,M,Calle 78 # 90-12,3005678901,carlos.rodriguez@email.com,Lucía Morales,3005432109,lucia.morales@email.com
EST006,Valentina,Herrera Castillo,4433221100,11,A,TI,2005-12-25,F,Carrera 56 # 34-67,3006789012,valentina.herrera@email.com,Miguel Castillo,3004321098,miguel.castillo@email.com